{
  "ucsd_pick_and_place_dataset_converted_externally_to_rlds": {
    "action": {
      "mean": [
        0.1469975858926773,
        -0.12457404285669327,
        0.05390936881303787,
        0.0,
        0.0,
        0.0,
        -0.07569970935583115
      ],
      "std": [
        0.4848927855491638,
        0.464330792427063,
        0.5408411622047424,
        0.0,
        0.0,
        0.0,
        0.892867386341095
      ],
      "max": [
        1.0,
        1.0,
        1.0,
        0.0,
        0.0,
        0.0,
        1.0
      ],
      "min": [
        -1.0,
        -1.0,
        -1.0,
        0.0,
        0.0,
        0.0,
        -1.0
      ],
      "q01": [
        -1.0,
        -1.0,
        -1.0,
        0.0,
        0.0,
        0.0,
        -1.0
      ],
      "q99": [
        1.0,
        1.0,
        1.0,
        0.0,
        0.0,
        0.0,
        1.0
      ],
      "mask": [
        true,
        true,
        true,
        true,
        true,
        true,
        false
      ]
    },
    "proprio": {
      "mean": [
        0.0,
        0.0,
        0.0,
        0.0,
        0.0,
        0.0,
        0.0
      ],
      "std": [
        0.0,
        0.0,
        0.0,
        0.0,
        0.0,
        0.0,
        0.0
      ],
      "max": [
        0.0,
        0.0,
        0.0,
        0.0,
        0.0,
        0.0,
        0.0
      ],
      "min": [
        0.0,
        0.0,
        0.0,
        0.0,
        0.0,
        0.0,
        0.0
      ],
      "q01": [
        0.0,
        0.0,
        0.0,
        0.0,
        0.0,
        0.0,
        0.0
      ],
      "q99": [
        0.0,
        0.0,
        0.0,
        0.0,
        0.0,
        0.0,
        0.0
      ]
    },
    "num_transitions": 67750,
    "num_trajectories": 1355
  }
}